{"cameraMode":{"drawMode":0,"name":"Shaded","section":"Shading Mode"},"sceneLighting":false,"audioPlay":false,"sceneViewState":{"m_AlwaysRefresh":false,"showFog":true,"showSkybox":false,"showFlares":true,"showImageEffects":true,"showParticleSystems":true,"showVisualEffectGraphs":true,"m_FxEnabled":true},"in2DMode":false,"pivot":{"x":3.7875325679779054,"y":5.140214920043945,"z":0.2595233619213104},"rotation":{"x":-0.15419496595859528,"y":0.0020721894688904287,"z":-0.00032386623206548393,"w":-0.9880487322807312},"size":7.794228553771973,"orthographic":false}